<?xml version="1.0" encoding="UTF-8"?>
<jcr:root xmlns:sling="http://sling.apache.org/jcr/sling/1.0" xmlns:cq="http://www.day.com/jcr/cq/1.0" xmlns:jcr="http://www.jcp.org/jcr/1.0" xmlns:nt="http://www.jcp.org/jcr/nt/1.0"
    jcr:primaryType="nt:unstructured"
    jcr:title="Carousel Text &amp; Image"
    sling:resourceType="cq/gui/components/authoring/dialog">
    <content
        jcr:primaryType="nt:unstructured"
        sling:resourceType="granite/ui/components/foundation/container">
        <layout
            jcr:primaryType="nt:unstructured"
            sling:resourceType="granite/ui/components/foundation/layouts/tabs"
            type="nav"/>
        <items jcr:primaryType="nt:unstructured">
            <text
                jcr:primaryType="nt:unstructured"
                jcr:title="Text"
                sling:resourceType="granite/ui/components/foundation/section">
                <layout
                    jcr:primaryType="nt:unstructured"
                    sling:resourceType="granite/ui/components/foundation/layouts/fixedcolumns"/>
                <items jcr:primaryType="nt:unstructured">
                    <column
                        jcr:primaryType="nt:unstructured"
                        sling:resourceType="granite/ui/components/foundation/container">
                        <items jcr:primaryType="nt:unstructured">
                            <title
                                jcr:primaryType="nt:unstructured"
                                sling:resourceType="granite/ui/components/foundation/form/textfield"
                                fieldLabel="Title"
                                name="./title"/>
                            <description
                                jcr:primaryType="nt:unstructured"
                                sling:resourceType="granite/ui/components/foundation/form/textarea"
                                fieldLabel="Description"
                                name="./description"/>
                            <linkURL
                                jcr:primaryType="nt:unstructured"
                                sling:resourceType="granite/ui/components/foundation/form/pathbrowser"
                                fieldDescription="Internal links should begin with &quot;/content&quot; and external links should begin with &quot;http&quot; or &quot;https&quot;"
                                fieldLabel="Link to"
                                name="./linkURL"
                                rootPath="/content"/>
                            <button-text
                                jcr:primaryType="nt:unstructured"
                                sling:resourceType="granite/ui/components/foundation/form/textfield"
                                fieldLabel="Button Text"
                                name="./buttonText"/>
                            <tab-target
                                jcr:primaryType="nt:unstructured"
                                sling:resourceType="granite/ui/components/foundation/form/checkbox"
                                name="./tabTarget"
                                text="Open in new window"
                                value="_new"/>
                            <delete-tab-target
                                jcr:primaryType="nt:unstructured"
                                sling:resourceType="granite/ui/components/foundation/form/hidden"
                                name="./tabTarget@Delete"
                                value="true"/>
                        </items>
                    </column>
                </items>
            </text>
            <image
                jcr:primaryType="nt:unstructured"
                jcr:title="Image Properties"
                sling:resourceType="granite/ui/components/foundation/section">
                <layout
                    jcr:primaryType="nt:unstructured"
                    sling:resourceType="granite/ui/components/foundation/layouts/fixedcolumns"/>
                <items jcr:primaryType="nt:unstructured">
                    <column
                        jcr:primaryType="nt:unstructured"
                        sling:resourceType="granite/ui/components/foundation/container">
                        <items jcr:primaryType="nt:unstructured">
                            <file
                                jcr:primaryType="nt:unstructured"
                                sling:resourceType="granite/ui/components/foundation/form/fileupload"
                                autoStart="{Boolean}false"
                                class="cq-droptarget"
                                fieldLabel="Image asset"
                                fileNameParameter="./image/fileName"
                                mimeTypes="[image]"
                                multiple="{Boolean}false"
                                name="./image/file"
                                title="Upload Image Asset"
                                uploadUrl="${suffix.path}"
                                useHTML5="{Boolean}true"/>
                            <alt
                                jcr:primaryType="nt:unstructured"
                                sling:resourceType="granite/ui/components/foundation/form/textfield"
                                fieldDescription="Alternate text to be displayed in the absence of image"
                                fieldLabel="Alt Text"
                                name="./image/alt"/>
                            <resType
                                jcr:primaryType="nt:unstructured"
                                sling:resourceType="granite/ui/components/foundation/form/hidden"
                                name="./image/sling:resourceType"
                                value="foundation/components/image"/>
                        </items>
                    </column>
                </items>
            </image>
        </items>
    </content>
</jcr:root>
