<?xml version="1.0" encoding="UTF-8"?>
<jcr:root xmlns:cq="http://www.day.com/jcr/cq/1.0" xmlns:jcr="http://www.jcp.org/jcr/1.0" xmlns:nt="http://www.jcp.org/jcr/nt/1.0"
    jcr:primaryType="cq:Panel"
    title="Article Tab">
    <items jcr:primaryType="cq:WidgetCollection">
        <basic
            jcr:primaryType="cq:Widget"
            collapsed="{Boolean}false"
            collapsible="{Boolean}false"
            xtype="dialogfieldset">
            <items jcr:primaryType="cq:WidgetCollection">
                <title
                    jcr:primaryType="cq:Widget"
                    fieldLabel="Article Title:"
                    name="./articleTitle"
                    xtype="textfield"/>
                <article_subhead
                    jcr:primaryType="cq:Widget"
                    fieldLabel="Article Sub-heading"
                    name="./article_subhead"
                    xtype="textfield"/>
            </items>
        </basic>
        <author_information
            jcr:primaryType="cq:Widget"
            collapsed="{Boolean}false"
            collapsible="{Boolean}false"
            xtype="dialogfieldset">
            <items jcr:primaryType="cq:WidgetCollection">
                <author_title
                    jcr:primaryType="cq:Widget"
                    fieldLabel="Author Name"
                    name="./authorName"
                    xtype="textfield"/>
                <author_byline
                    jcr:primaryType="cq:Widget"
                    fieldLabel="Author Byline"
                    name="./author_byline"
                    xtype="richtext">
                    <rtePlugins jcr:primaryType="nt:unstructured">
                        <misctools
                            jcr:primaryType="nt:unstructured"
                            features="*"/>
                    </rtePlugins>
                </author_byline>
                <author_image
                    jcr:primaryType="cq:Widget"
                    fieldLabel="Author Image URL:"
                    name="./authorImageURL"
                    xtype="textfield"/>
                <article_publishDate
                    jcr:primaryType="cq:Widget"
                    ctCls="cq-propsdialog-ontime"
                    fieldLabel="Article Publish Date"
                    name="./publishDate"
                    xtype="datetime"/>
            </items>
        </author_information>
    </items>
</jcr:root>
