<?xml version="1.0" encoding="UTF-8"?>
<jcr:root xmlns:sling="http://sling.apache.org/jcr/sling/1.0" xmlns:cq="http://www.day.com/jcr/cq/1.0" xmlns:jcr="http://www.jcp.org/jcr/1.0" xmlns:nt="http://www.jcp.org/jcr/nt/1.0"
    jcr:primaryType="nt:unstructured"
    jcr:title="Carousel"
    sling:resourceType="cq/gui/components/authoring/dialog"
    helpPath="en/cq/current/wcm/default_components.html#Carousel">
    <content
        jcr:primaryType="nt:unstructured"
        sling:resourceType="granite/ui/components/foundation/container">
        <layout
            jcr:primaryType="nt:unstructured"
            sling:resourceType="granite/ui/components/foundation/layouts/tabs"
            type="nav"/>
        <items jcr:primaryType="nt:unstructured">
            <carousel
                jcr:primaryType="nt:unstructured"
                jcr:title="Carousel"
                sling:resourceType="granite/ui/components/foundation/section">
                <layout
                    jcr:primaryType="nt:unstructured"
                    sling:resourceType="granite/ui/components/foundation/layouts/fixedcolumns"/>
                <items jcr:primaryType="nt:unstructured">
                    <column
                        jcr:primaryType="nt:unstructured"
                        sling:resourceType="granite/ui/components/foundation/container">
                        <items jcr:primaryType="nt:unstructured">
                        	<parentPage
	                            jcr:primaryType="nt:unstructured"
	                            sling:resourceType="granite/ui/components/foundation/form/pathbrowser"
	                            fieldDescription="Leave empty to use current page"
	                            fieldLabel="Parent page"
	                            name="./parentPage"
	                            rootPath="/content"/>
							<limit
                                jcr:primaryType="nt:unstructured"
                                sling:resourceType="granite/ui/components/foundation/form/numberfield"
                                fieldDescription="Maximum number of items displayed in list"
                                fieldLabel="Limit"
                                min="{Long}0"
                                value="5"
                                name="./limit"/>	                            
                            <playSpeed
                                jcr:primaryType="nt:unstructured"
                                sling:resourceType="granite/ui/components/foundation/form/numberfield"
                                fieldDescription="Time in milliseconds until the next slide is shown."
                                fieldLabel="Play Speed"
                                min="{Long}0"
                                name="./playSpeed"
                                value="{Long}6000"/>
                            <transTime
                                jcr:primaryType="nt:unstructured"
                                sling:resourceType="granite/ui/components/foundation/form/numberfield"
                                fieldDescription="Time in milliseconds for a transition between 2 slides."
                                fieldLabel="Transition Time"
                                min="{Long}0"
                                name="./transTime"
                                value="{Long}1000"/>                            
                        </items>
                    </column>
                </items>
            </carousel>           
        </items>
    </content>
</jcr:root>
